City,Lat,Lng,Max Temp,Humidity,Cloudiness,Wind Speed,Country,Date,Temperature (F)
Bluff,-46.6,168.3333,273.6,87,9,4.06,NZ,1624125440,33.08
Kapaa,22.0752,-159.319,300.14,80,24,0.89,US,1624125440,80.85
Havøysund,70.9963,24.6622,280.64,89,98,1.94,NO,1624125441,45.75
Tuktoyaktuk,69.4541,-133.0374,289.15,51,40,5.14,CA,1624125441,61.07
Dharampur,20.5333,73.1833,299.61,81,95,4.98,IN,1624125441,79.9
Santa Cruz de las Flores,20.4833,-103.5,291.58,88,100,3.54,MX,1624125442,65.44
Rikitea,-23.1203,-134.9692,297.14,73,91,7.58,PF,1624125442,75.45
Vaini,-21.2,-175.2,295.24,94,20,2.57,TO,1624125442,72.03
Buin,-33.7333,-70.75,291.51,37,86,0.71,CL,1624125443,65.32
Guangyuan,32.442,105.823,292.69,84,100,0.4,CN,1624125443,67.44
Souillac,-20.5167,57.5167,295.36,64,40,5.14,MU,1624125443,72.25
Matara,5.9485,80.5353,299.56,85,98,5.18,LK,1624125444,79.81
Cherskiy,68.75,161.3,283.39,54,27,1.94,RU,1624125444,50.7
Cape Town,-33.9258,18.4232,293.77,39,0,1.54,ZA,1624125341,69.39
Rundu,-17.9333,19.7667,289.33,35,0,2.7,NA,1624125444,61.39
Hobart,-42.8794,147.3294,281.51,92,90,0.51,AU,1624125445,47.32
Chui,-33.6971,-53.4616,285.87,90,94,3.07,UY,1624125445,55.17
Port Elizabeth,-33.918,25.5701,289.32,88,0,2.57,ZA,1624125446,61.38
Santa Rosa,14.3122,121.1114,302.14,83,97,3.6,PH,1624125446,84.45
Ushuaia,-54.8,-68.3,278.96,81,75,6.17,AR,1624125446,42.73
Prince Rupert,54.3161,-130.3201,287.2,82,75,1.54,CA,1624125447,57.56
Busselton,-33.65,115.3333,286.51,85,100,4.13,AU,1624125447,56.32
Albany,42.6001,-73.9662,303.87,43,52,0.45,US,1624125275,87.57
Castrillón,43.3979,-6.7922,289.94,90,83,0.53,ES,1624125448,62.49
Turaif,31.6725,38.6637,303.29,20,0,6.17,SA,1624125448,86.52
Butaritari,3.0707,172.7902,300.51,74,100,0.77,KI,1624125448,81.52
Hermanus,-34.4187,19.2345,293.65,49,30,3.26,ZA,1624125449,69.17
Bonavista,48.6499,-53.1147,299.15,83,100,5.81,CA,1624125449,79.07
Hervey Bay,-25.2986,152.8535,285.39,71,8,1.79,AU,1624125449,54.3
Punta Arenas,-53.15,-70.9167,280.21,61,40,5.66,CL,1624125150,44.98
Hilo,19.7297,-155.09,298.86,72,89,0.9,US,1624125299,78.55
Carnarvon,-24.8667,113.6333,283.19,44,40,1.54,AU,1624125450,50.34
Mount Isa,-20.7333,139.5,283.02,57,29,3.6,AU,1624125450,50.04
Mataura,-46.1927,168.8643,273.42,98,23,1.31,NZ,1624125450,32.76
Qaanaaq,77.484,-69.3632,277.84,51,31,0.77,GL,1624125451,40.71
Codrington,-38.2667,141.9667,283.88,77,100,2.2,AU,1624125452,51.58
City of San Pedro,14.35,121.0167,301.72,84,75,4.12,PH,1624125452,83.7
Rawson,-43.3002,-65.1023,282.98,49,1,8.63,AR,1624125452,49.96
Atuona,-9.8,-139.0333,299.9,72,19,8.99,PF,1624125453,80.42
Mar del Plata,-38.0023,-57.5575,285.37,54,20,1.79,AR,1624125447,54.27
Faanui,-16.4833,-151.75,300.49,72,25,7.55,PF,1624125453,81.48
Krasnosel'kup,65.7,82.4667,277.14,94,100,4.79,RU,1624125453,39.45
Yambio,4.5721,28.3955,293.85,91,91,1.08,SS,1624125454,69.53
Ntoum,0.3833,9.7833,301.02,90,99,2.17,GA,1624125454,82.44
San Patricio,28.017,-97.5169,306.49,47,31,3.71,US,1624125454,92.28
Saint-Philippe,-21.3585,55.7679,293.27,74,20,4.66,RE,1624125455,68.49
Mossamedes,-15.1961,12.1522,293.72,77,3,4.69,AO,1624125455,69.3
Port Alfred,-33.5906,26.891,291.12,62,3,5.36,ZA,1624125455,64.62
Thompson,55.7435,-97.8558,293.24,45,75,4.12,CA,1624125456,68.43
Nanortalik,60.1432,-45.2371,278.68,83,100,5.8,GL,1624125456,42.22
Vilyuysk,63.7553,121.6247,290.87,78,93,1.98,RU,1624125456,64.17
George Town,5.4112,100.3354,299.11,92,40,0.89,MY,1624125416,79.0
Severo-Kuril'sk,50.6789,156.125,279.33,90,84,1.45,RU,1624125457,43.39
Pangnirtung,66.1451,-65.7125,278.45,87,100,1.86,CA,1624125457,41.81
Coari,-4.085,-63.1414,302.5,70,15,1.18,BR,1624125296,85.1
Vila Velha,-20.3297,-40.2925,294.12,88,75,1.54,BR,1624125458,70.02
Dakar,14.6937,-17.4441,302.64,69,40,5.14,SN,1624125074,85.35
Urubichá,-15.3833,-62.95,300.18,44,40,1.91,BO,1624125458,80.92
Upernavik,72.7868,-56.1549,276.09,68,13,4.35,GL,1624125459,37.56
Āstāneh-ye Ashrafīyeh,37.2596,49.9444,296.95,71,0,0.75,IR,1624125459,75.11
Lorengau,-2.0226,147.2712,299.09,80,78,1.32,PG,1624125459,78.96
Laguna,38.421,-121.4238,313.95,30,0,1.79,US,1624125460,105.71
Skellefteå,64.7507,20.9528,284.35,65,90,2.06,SE,1624125460,52.43
Ponta Delgada,37.7333,-25.6667,295.55,73,20,8.75,PT,1624125460,72.59
Avarua,-21.2078,-159.775,297.18,73,40,5.66,CK,1624125461,75.52
Biltine,14.5333,20.9167,303.09,38,100,3.36,TD,1624125461,86.16
Qasigiannguit,68.8193,-51.1922,277.36,68,91,1.67,GL,1624125461,39.85
Lebu,-37.6167,-73.65,284.71,63,87,2.12,CL,1624125462,53.08
São João da Barra,-21.6403,-41.0511,295.2,69,79,7.68,BR,1624125462,71.96
Jamestown,42.097,-79.2353,297.63,73,75,4.63,US,1624125463,76.33
Zhoucheng,35.9122,116.3117,299.83,51,27,5.18,CN,1624125463,80.29
Myre,69.1036,15.9492,285.94,79,86,4.93,NO,1624125463,55.29
Okha,53.5739,142.9478,281.69,56,2,2.6,RU,1624125463,47.64
Padang,-0.9492,100.3543,297.78,82,77,1.68,ID,1624125464,76.6
Harper,4.375,-7.7169,300.02,76,60,4.46,LR,1624125464,80.64
Pevek,69.7008,170.3133,275.62,91,94,1.06,RU,1624125465,36.72
Aksu,41.1231,80.2644,297.1,28,20,2.68,CN,1624125465,75.38
São Filipe,14.8961,-24.4956,296.59,77,2,6.55,CV,1624125466,74.46
Mahébourg,-20.4081,57.7,295.31,64,40,5.14,MU,1624125466,72.16
Chornukhy,50.2673,32.942,294.3,85,26,5.46,UA,1624125466,70.34
Kadugannawa,7.2547,80.5242,294.2,88,93,1.24,LK,1624125467,70.16
Rocha,-34.4833,-54.3333,284.99,91,99,3.22,UY,1624125266,53.58
Daru,-9.0763,143.2092,298.46,79,82,5.83,PG,1624125467,77.83
São Caetano de Odivelas,-0.75,-48.02,300.62,89,61,2.79,BR,1624125468,81.72
Khatanga,71.9667,102.5,286.0,69,90,5.97,RU,1624125468,55.4
Vryburg,-26.9566,24.7284,287.28,46,14,3.67,ZA,1624125468,57.7
Bandarbeyla,9.4942,50.8122,298.65,80,36,15.53,SO,1624125469,78.17
Safaga,26.7292,33.9365,305.12,45,0,3.21,EG,1624125469,89.82
Narsaq,60.9167,-46.05,279.64,79,100,1.42,GL,1624125470,43.95
Barrow,71.2906,-156.7887,277.95,68,18,3.32,US,1624125305,40.91
Ribeira Grande,38.5167,-28.7,296.37,78,40,8.23,PT,1624125470,74.07
Chokurdakh,70.6333,147.9167,289.04,49,22,2.71,RU,1624125470,60.87
Makīnsk,52.6292,70.4169,282.86,56,58,3.04,KZ,1624125471,49.75
Makakilo City,21.3469,-158.0858,299.09,69,2,3.32,US,1624125471,78.96
Hede,33.7681,120.2517,293.88,73,43,4.18,CN,1624125471,69.58
Los Llanos de Aridane,28.6585,-17.9182,294.01,66,20,6.17,ES,1624125472,69.82
Klaksvík,62.2266,-6.589,283.66,84,46,4.95,FO,1624125472,51.19
Mabaruma,8.2,-59.7833,300.28,84,69,2.72,GY,1624125473,81.1
Victor Harbor,-35.5667,138.6167,284.92,95,30,1.91,AU,1624125473,53.46
Kruisfontein,-34.0033,24.7314,288.09,31,27,2.35,ZA,1624125473,59.16
Amoy,24.4798,118.0819,304.18,79,0,3.0,CN,1624125474,88.12
Leeds,53.7964,-1.5477,291.12,67,40,4.63,GB,1624125474,64.62
Baruun-Urt,46.6806,113.2792,284.39,74,21,3.12,MN,1624125474,52.5
Puerto Ayora,-0.7393,-90.3518,300.13,86,63,3.58,EC,1624125397,80.83
Hatillo,18.4863,-66.8254,306.75,71,39,10.15,PR,1624125475,92.75
Aloleng,16.1307,119.7824,301.49,77,99,4.01,PH,1624125475,83.28
Egvekinot,66.3167,-179.1667,277.42,82,87,0.62,RU,1624125475,39.96
Sakakah,29.9697,40.2064,307.91,12,0,4.42,SA,1624125476,94.84
Kaitangata,-46.2817,169.8464,283.11,87,19,2.71,NZ,1624125476,50.2
Caravelas,-17.7125,-39.2481,297.2,62,78,4.32,BR,1624125476,75.56
Dikson,73.5069,80.5464,272.95,82,24,2.11,RU,1624125477,31.91
High Level,58.5169,-117.136,291.21,45,20,7.2,CA,1624125477,64.78
Dabat,12.9842,37.765,285.44,87,100,2.22,ET,1624125477,54.39
Qandala,11.472,49.8728,306.4,53,23,1.3,SO,1624125478,92.12
Nurota,40.5614,65.6886,301.2,23,3,9.96,UZ,1624125478,82.76
Montignoso,44.024,10.1726,298.87,71,84,0.89,IT,1624125478,78.57
Hong Kong,22.2855,114.1577,303.89,83,99,0.45,HK,1624125320,87.6
Iqaluit,63.7506,-68.5145,277.0,75,75,4.02,CA,1624125479,39.2
Tasiilaq,65.6145,-37.6368,276.32,68,88,2.94,GL,1624125479,37.98
La Rioja,42.25,-2.5,297.03,42,61,0.65,ES,1624125479,75.25
Tuatapere,-46.1333,167.6833,273.61,91,4,1.72,NZ,1624125480,33.1
Turukhansk,65.8167,87.9833,284.95,93,24,2.98,RU,1624125480,53.51
Port Blair,11.6667,92.75,301.19,79,39,4.2,IN,1624125462,82.74
Tiksi,71.6872,128.8694,290.65,48,43,1.54,RU,1624125481,63.77
Labytnangi,66.6572,66.4183,284.71,61,77,6.27,RU,1624125481,53.08
Hofn,64.2539,-15.2082,279.49,90,100,2.98,IS,1624125482,43.68
Arequipa,-16.3989,-71.535,294.19,21,0,4.12,PE,1624125483,70.14
Balclutha,-46.2339,169.75,282.93,87,22,0.67,NZ,1624125483,49.87
New Norfolk,-42.7826,147.0587,281.32,87,85,0.45,AU,1624125483,46.98
Paita,-5.0892,-81.1144,298.46,67,34,5.69,PE,1624125484,77.83
Grootfontein,-19.5667,18.1167,288.91,41,4,1.54,NA,1624125484,60.64
Zhezkazgan,47.8043,67.7144,288.23,29,9,2.76,KZ,1624125484,59.41
Castro,-24.7911,-50.0119,286.02,96,100,1.3,BR,1624125485,55.44
Saskylakh,71.9167,114.0833,294.93,53,52,2.63,RU,1624125485,71.47
Bredasdorp,-34.5322,20.0403,284.77,87,20,2.57,ZA,1624125486,53.19
Fuzhou,26.0614,119.3061,300.09,98,100,0.56,CN,1624125486,80.76
Ossora,59.2353,163.0719,278.76,97,100,3.49,RU,1624125486,42.37
East London,-33.0153,27.9116,289.67,77,0,2.06,ZA,1624125487,62.01
Constitución,-35.3333,-72.4167,287.59,57,79,3.49,CL,1624125487,58.26
Oksovskiy,62.6062,39.8984,290.4,57,52,1.76,RU,1624125488,63.32
Saint-Pierre,-21.3393,55.4781,293.31,69,20,3.6,RE,1624125488,68.56
Yellowknife,62.456,-114.3525,283.46,53,75,5.14,CA,1624125488,50.83
Qaqortoq,60.7167,-46.0333,278.75,83,100,1.69,GL,1624125489,42.35
Margate,51.3813,1.3862,288.88,89,96,0.89,GB,1624125489,60.58
Puerto del Rosario,28.5004,-13.8627,297.01,41,20,8.75,ES,1624125489,75.22
Itoman,26.1247,127.6694,300.36,94,75,5.66,JP,1624125490,81.25
Grindavik,63.8424,-22.4338,283.46,66,40,7.72,IS,1624125490,50.83
Gongzhuling,43.5008,124.8198,288.1,90,100,1.16,CN,1624125490,59.18
Bengkulu,-3.8004,102.2655,297.95,86,97,1.8,ID,1624125491,76.91
Tongliao,43.6125,122.2653,289.6,64,70,2.72,CN,1624125492,61.88
Arraial do Cabo,-22.9661,-42.0278,296.13,78,75,5.14,BR,1624125492,73.63
Buraidah,26.326,43.975,310.4,9,0,4.73,SA,1624125493,99.32
Kavaratti,10.5669,72.642,301.41,77,55,8.38,IN,1624125493,83.14
Aklavik,68.2191,-135.0107,295.61,37,20,5.14,CA,1624125493,72.7
Sarh,9.1429,18.3923,304.1,55,20,0.0,TD,1624125493,87.98
Warmbad,-28.45,18.7333,293.77,23,0,4.48,NA,1624125494,69.39
Meulaboh,4.1363,96.1285,299.18,84,100,0.83,ID,1624125494,79.12
Kumul,42.8,93.45,301.24,14,99,0.84,CN,1624125495,82.83
Husavik,66.0449,-17.3389,282.1,79,74,3.4,IS,1624125495,48.38
Hay River,60.8156,-115.7999,281.14,61,20,5.66,CA,1624125495,46.65
Kousséri,12.0769,15.0306,309.13,34,20,4.12,CM,1624125496,97.03
Kokkola,63.8385,23.1307,287.24,81,0,3.6,FI,1624125496,57.63
Sitka,57.0531,-135.33,289.93,58,4,1.47,US,1624125496,62.47
Guerrero Negro,27.9769,-114.0611,294.93,64,8,8.21,MX,1624125461,71.47
Usinsk,65.9939,57.5281,276.28,92,92,20.1,RU,1624125497,37.9
Half Moon Bay,37.4636,-122.4286,306.81,65,40,1.34,US,1624125497,92.86
Ketchikan,55.3422,-131.6461,289.42,62,75,1.29,US,1624125400,61.56
La Paz,-16.5,-68.15,288.14,18,40,3.09,BO,1624125459,59.25
Itarema,-2.9248,-39.9167,301.61,68,78,5.69,BR,1624125498,83.5
Mayo,38.8876,-76.5119,302.59,73,96,0.89,US,1624125498,85.26
Dondo,-19.6094,34.7431,295.88,84,0,2.35,MZ,1624125498,73.18
Chimbote,-9.0853,-78.5783,294.8,74,88,4.77,PE,1624125499,71.24
Port Lincoln,-34.7333,135.8667,283.74,68,6,0.35,AU,1624125499,51.33
Raja,8.4596,25.678,298.64,63,80,0.56,SS,1624125499,78.15
Luena,-11.7833,19.9167,288.21,45,66,1.7,AO,1624125500,59.38
Lata,40.1629,-8.3327,293.17,80,98,3.79,PT,1624125500,68.31
Botwood,49.1499,-55.3482,298.88,33,100,4.48,CA,1624125501,78.58
Bandrele,-12.9067,45.1914,299.01,73,75,5.66,YT,1624125501,78.82
Kuching,1.55,110.3333,297.27,94,40,1.03,MY,1624125501,75.69
Olinda,-8.0089,-34.8553,295.0,88,75,4.63,BR,1624125501,71.6
Omaruru,-21.4333,15.9333,291.26,29,3,3.57,NA,1624125502,64.87
Torbay,47.6666,-52.7314,288.86,90,90,1.54,CA,1624125502,60.55
Vao,-22.6667,167.4833,295.66,79,99,6.3,NC,1624125502,72.79
Forsytheganj,52.6333,29.7333,294.74,84,14,2.74,BY,1624125503,71.13
Lincoln,40.8,-96.667,303.63,41,56,0.45,US,1624125433,87.13
Chinhoyi,-17.3667,30.2,290.13,33,34,4.12,ZW,1624125503,62.83
Batemans Bay,-35.7167,150.1833,285.32,71,90,5.84,AU,1624125504,54.18
Ahipara,-35.1667,173.1667,288.05,90,24,7.04,NZ,1624125504,59.09
Shulin,22.7454,108.423,302.46,82,81,2.66,CN,1624125505,85.03
Khanewal,30.3,71.9333,307.05,22,0,3.88,PK,1624125319,93.29
Lagoa,39.05,-27.9833,293.06,91,41,7.79,PT,1624125505,68.11
Petropavlovsk-Kamchatskiy,53.0452,158.6483,279.48,93,75,2.0,RU,1624125506,43.66
Scarborough,54.2797,-0.4044,288.66,76,87,1.79,GB,1624125506,60.19
Fortuna,40.5982,-124.1573,294.78,68,20,0.89,US,1624125506,71.2
Longyearbyen,78.2186,15.6401,279.06,65,75,13.89,SJ,1624125507,42.91
Ancud,-41.8697,-73.8203,282.16,78,98,2.25,CL,1624125507,48.49
Shumikha,55.2261,63.2961,285.66,93,99,4.53,RU,1624125507,54.79
Distrikt Brokopondo,4.75,-55.1667,302.36,63,42,2.75,SR,1624125508,84.85
Nantucket,41.2835,-70.0995,298.78,86,64,10.24,US,1624125508,78.4
Shizunai-furukawachō,42.3339,142.3669,285.5,94,100,3.77,JP,1624125509,54.5
Cidreira,-30.1811,-50.2056,287.93,95,100,4.7,BR,1624125509,58.87
Orlik,52.5178,99.825,284.45,73,6,0.53,RU,1624125509,52.61
San Luis,-33.295,-66.3356,283.4,51,7,3.97,AR,1624125510,50.72
Skowhegan,44.7651,-69.7192,301.74,29,85,5.09,US,1624125510,83.73
Leningradskiy,69.3833,178.4167,277.34,90,82,1.28,RU,1624125511,39.81
Bethel,41.3712,-73.414,305.22,62,68,0.45,US,1624125511,90.0
Porto Santo,33.072,-16.3415,294.36,56,20,5.66,PT,1624125511,70.45
Yar-Sale,66.8333,70.8333,280.99,77,48,4.03,RU,1624125512,46.38
Saint Paul Harbor,57.79,-152.4072,281.88,93,90,6.17,US,1624125512,47.98
Port-Gentil,-0.7193,8.7815,300.13,78,75,6.17,GA,1624125513,80.83
Ilhabela,-23.7781,-45.3581,294.88,75,92,3.81,BR,1624125513,71.38
Ariquemes,-9.9133,-63.0408,306.0,42,86,1.22,BR,1624125513,91.4
Kroya,-7.6331,109.2461,294.92,87,100,1.4,ID,1624125513,71.46
Kulhudhuffushi,6.6221,73.07,300.98,77,100,6.11,MV,1624125514,82.36
Benghazi,32.1167,20.0667,296.59,76,0,6.04,LY,1624125514,74.46
Amargosa,-13.0303,-39.6047,298.66,52,75,3.92,BR,1624125491,78.19
Kouango,4.9934,19.9619,296.91,80,61,1.76,CF,1624125514,75.04
Maragogi,-9.0122,-35.2225,298.56,79,85,6.85,BR,1624125515,78.01
Nha Trang,12.25,109.1833,298.15,82,5,2.67,VN,1624125515,77.27
Kautokeino,69.0125,23.0412,286.74,45,91,3.31,NO,1624125516,56.73
Rock Sound,24.9,-76.2,300.66,80,100,4.69,BS,1624125412,81.79
Lake Cowichan,48.825,-124.0546,292.33,53,76,0.75,CA,1624125516,66.79
Kavieng,-2.5744,150.7967,299.21,79,13,2.04,PG,1624125517,79.18
Saint Augustine,29.8947,-81.3145,306.49,69,100,5.63,US,1624125422,92.28
Birao,10.2849,22.7882,301.96,48,45,2.36,CF,1624125517,84.13
Bambous Virieux,-20.3428,57.7575,295.29,64,40,5.14,MU,1624125517,72.12
Hobyo,5.3505,48.5268,298.6,80,100,12.17,SO,1624125518,78.08
Port Macquarie,-31.4333,152.9167,286.42,94,40,4.12,AU,1624125518,56.16
Santiago,-33.4569,-70.6483,289.91,55,20,1.03,CL,1624124934,62.44
Kirakira,-10.4544,161.9205,299.23,84,93,3.09,SB,1624125518,79.21
Raahe,64.6833,24.4833,287.2,67,94,3.32,FI,1624125519,57.56
Marawi,7.9986,124.2928,291.84,93,100,1.5,PH,1624125519,65.91
Monrovia,6.3005,-10.7969,300.02,82,99,4.15,LR,1624125367,80.64
Sobolevo,54.4299,31.8996,293.46,82,0,1.56,RU,1624125520,68.83
Necochea,-38.5473,-58.7368,283.17,53,100,2.9,AR,1624125520,50.31
Tabas,33.5959,56.9244,305.38,8,0,7.0,IR,1624125520,90.28
Plastun,44.7561,136.2939,282.29,96,100,5.49,RU,1624125521,48.72
Yatou,37.15,122.3833,294.13,73,40,4.91,CN,1624125521,70.03
Planaltina,-15.4528,-47.6142,299.69,33,64,2.08,BR,1624125521,80.04
Honiara,-9.4333,159.95,298.1,84,99,1.31,SB,1624125522,77.18
Clyde River,70.4692,-68.5914,274.28,100,90,2.06,CA,1624125522,34.3
Plettenberg Bay,-34.0527,23.3716,290.88,45,17,2.2,ZA,1624125522,64.18
Saldanha,-33.0117,17.9442,292.18,45,35,3.41,ZA,1624125523,66.52
Biskamzha,53.4497,89.5272,287.65,95,54,1.35,RU,1624125523,58.37
Cape Coast,5.1053,-1.2466,299.6,81,91,5.42,GH,1624125523,79.88
Hithadhoo,-0.6,73.0833,301.89,70,100,5.99,MV,1624125524,84.0
Phan Thiet,10.9333,108.1,299.31,85,38,3.93,VN,1624125524,79.36
Celendín,-6.8703,-78.1517,291.44,65,82,1.5,PE,1624125525,65.19
Cavalcante,-13.7975,-47.4583,301.56,32,83,1.83,BR,1624125525,83.41
Bathsheba,13.2167,-59.5167,303.49,66,20,9.26,BB,1624125525,86.88
Bontang,0.1333,117.5,297.86,90,54,2.51,ID,1624125526,76.75
Rangāpāra,26.8167,92.65,298.25,93,97,1.66,IN,1624125526,77.45
Den Helder,52.9599,4.7593,292.56,89,90,3.58,NL,1624125454,67.21
Fuerte,17.5381,120.3644,299.88,84,68,3.93,PH,1624125526,80.38
Vestmanna,62.1564,-7.1664,282.66,93,90,4.12,FO,1624125527,49.39
Östersund,63.1792,14.6357,281.4,100,90,3.09,SE,1624125527,47.12
Dongsheng,39.8161,109.9776,291.93,24,99,3.33,CN,1624125528,66.07
Karasjok,69.4719,25.5112,287.21,53,87,2.64,NO,1624125528,57.58
Ascension,30.2169,-90.9001,303.15,66,75,4.63,US,1624125528,86.27
Mnogovershinnyy,53.9353,139.9242,281.88,62,94,1.67,RU,1624125529,47.98
Salalah,17.0151,54.0924,300.54,83,100,3.01,OM,1624125529,81.57
Opuwo,-18.0607,13.84,291.61,27,0,3.69,NA,1624125529,65.5
Mehamn,71.0357,27.8492,279.85,84,100,4.33,NO,1624125529,44.33
Taltal,-25.4,-70.4833,292.71,54,0,2.1,CL,1624125530,67.48
Alice Springs,-23.7,133.8833,281.9,66,90,2.57,AU,1624125530,48.02
Sulzbach-Rosenberg,49.4983,11.7517,303.59,86,72,5.74,DE,1624125530,87.06
Puerto Colombia,10.9878,-74.9547,304.2,73,46,3.36,CO,1624125531,88.16
Ponta do Sol,32.6667,-17.1,294.66,63,58,2.36,PT,1624125531,70.99
Hasaki,35.7333,140.8333,292.37,91,100,6.25,JP,1624125531,66.87
El Burrión,25.5333,-108.4,307.07,60,4,3.13,MX,1624125532,93.33
Geraldton,-28.7667,114.6,280.38,81,24,6.69,AU,1624125532,45.28
Montecristi,-1.05,-80.6667,299.05,74,75,3.6,EC,1624125533,78.89
Samarai,-10.6167,150.6667,298.92,77,100,5.93,PG,1624125533,78.66
Agirish,61.9247,63.0231,285.22,96,100,5.0,RU,1624125533,54.0
Pishin,30.5803,66.9961,298.96,7,0,0.85,PK,1624125534,78.73
Cayenne,4.9333,-52.3333,304.17,75,75,2.24,GF,1624125534,88.11
Maputo,-25.9653,32.5892,292.16,83,20,0.45,MZ,1624125270,66.49
Saint-Augustin,51.226,-58.6502,291.41,56,56,7.96,CA,1624125535,65.14
Bor,56.3567,44.0669,297.11,70,10,3.24,RU,1624125535,75.4
Valparaíso,-33.0393,-71.6273,292.28,58,0,3.09,CL,1624125535,66.7
Ostrovnoy,68.0531,39.5131,284.14,72,38,2.19,RU,1624125536,52.05
Huangnihe,43.5583,128.0239,284.49,94,98,1.2,CN,1624125536,52.68
Pio IX,-6.8375,-40.5792,305.31,29,9,5.76,BR,1624125536,90.16
Bambanglipuro,-7.95,110.2833,286.82,89,99,1.58,ID,1624125536,56.88
Acapulco de Juárez,16.8634,-99.8901,298.11,92,100,2.3,MX,1624125485,77.2
Berlevåg,70.8578,29.0864,280.16,88,100,4.72,NO,1624125537,44.89
Bonthe,7.5264,-12.505,300.24,78,100,4.35,SL,1624125537,81.03
Mahuta,-10.8667,39.45,289.37,85,62,0.75,TZ,1624125538,61.47
San Cristobal,7.7669,-72.225,302.25,61,44,3.24,VE,1624125492,84.65
Bossangoa,6.4926,17.4552,298.09,66,82,1.32,CF,1624125538,77.16
Santa Cruz,30.4202,-9.5982,298.4,44,10,6.65,MA,1624125409,77.72
Al Bardīyah,31.7561,25.0865,296.29,71,0,7.91,LY,1624125539,73.92
Talnakh,69.4865,88.3972,281.78,98,96,2.41,RU,1624125539,47.8
Upington,-28.4478,21.2561,290.36,36,0,2.06,ZA,1624125540,63.25
Ucluelet,48.9329,-125.5528,292.09,79,100,0.89,CA,1624125540,66.36
San Quintín,30.4833,-115.95,294.48,69,26,6.17,MX,1624125540,70.66
Simao,22.7886,100.9748,291.34,94,26,1.01,CN,1624125541,65.01
Wagar,16.1525,36.2032,304.22,42,64,10.61,SD,1624125541,88.2
Spornoye,50.8448,37.2913,296.16,86,1,3.9,RU,1624125541,73.69
Catalina,32.5056,-110.9211,313.44,16,5,0.89,US,1624125542,104.79
Te Anau,-45.4167,167.7167,273.05,93,11,0.46,NZ,1624125542,32.09
Poum,-20.2333,164.0167,296.22,83,54,5.25,NC,1624125542,73.8
Ilulissat,69.2167,-51.1,278.38,62,50,2.56,GL,1624125543,41.68
Kotovo,50.3211,44.8012,290.86,68,0,3.87,RU,1624125543,64.15
Yinchuan,38.4681,106.2731,300.09,16,100,1.15,CN,1624125544,80.76
Quelimane,-17.8786,36.8883,296.12,83,40,2.57,MZ,1624125544,73.62
Tommot,58.9564,126.2925,289.34,87,100,0.24,RU,1624125544,61.41
Wadi Maliz,36.4681,8.5495,312.96,69,37,1.45,TN,1624125544,103.93
Novy Urengoy,66.0833,76.6333,282.22,56,100,1.55,RU,1624125545,48.6
Dwārka,22.2394,68.9678,302.24,72,82,7.41,IN,1624125545,84.63
Henties Bay,-22.116,14.2845,290.93,66,0,3.94,NA,1624125545,64.27
Manuk Mangkaw,4.8,119.85,301.41,72,90,2.66,PH,1624125546,83.14
Haines Junction,60.7522,-137.5108,287.12,51,2,0.51,CA,1624125546,57.42
Broken Hill,-31.95,141.4333,279.99,93,40,2.57,AU,1624125546,44.58
Fredericton,45.9454,-66.6656,292.24,87,90,1.34,CA,1624125269,66.63
Kaffrine,14.1059,-15.5508,310.09,15,26,3.46,SN,1624125547,98.76
Brae,60.3964,-1.353,284.1,60,97,3.46,GB,1624125547,51.98
Norman Wells,65.282,-126.8329,291.17,45,20,5.14,CA,1624125548,64.71
Beringovskiy,63.05,179.3167,278.71,87,80,3.54,RU,1624125548,42.28
Pacific Grove,36.6177,-121.9166,301.16,87,40,0.89,US,1624125548,82.69
Sambava,-14.2667,50.1667,295.29,86,28,6.53,MG,1624125548,72.12
Cairns,-16.9167,145.7667,289.85,90,75,5.14,AU,1624125473,62.33
Thunder Bay,48.4001,-89.3168,289.14,61,90,1.54,CA,1624125549,61.05
Illapel,-31.6308,-71.1653,292.97,38,57,2.15,CL,1624125549,67.95
Puerto Escondido,15.85,-97.0667,302.57,69,94,1.06,MX,1624125550,85.23
Porto-Novo,6.4965,2.6036,302.05,75,59,4.5,BJ,1624125550,84.29
Ikom,5.9667,8.7063,297.49,96,96,1.03,NG,1624125550,76.08
Amapá,1.0,-52.0,301.59,68,58,2.33,BR,1624125551,83.46
Pasni,25.2631,63.471,301.54,81,4,4.46,PK,1624125551,83.37
Saint George,37.1041,-113.5841,313.41,18,37,0.89,US,1624125551,104.74
Ürümqi,43.801,87.6005,296.68,33,0,4.0,CN,1624125376,74.62
Gamba,-2.65,10.0,297.31,81,29,4.58,GA,1624125552,75.76
Pisco,-13.7,-76.2167,292.18,77,90,2.57,PE,1624125552,66.52
Tokmak,47.2514,35.7058,295.92,71,71,7.13,UA,1624125552,73.26
Marsá Maţrūḩ,31.3525,27.2453,297.26,64,0,4.12,EG,1624125553,75.67
Heraclea,37.5133,34.0467,294.75,31,25,1.79,TR,1624125553,71.15
Vaitape,-16.5167,-151.75,300.48,73,25,7.57,PF,1624125553,81.46
Bariri,-22.0744,-48.7403,301.29,22,40,5.48,BR,1624125554,82.92
Seoul,37.5683,126.9778,291.88,91,1,1.54,KR,1624125061,65.98
Xichang,27.8964,102.2634,294.17,89,77,1.41,CN,1624125554,70.11
Nikolskoye,59.7035,30.7861,299.09,63,7,0.93,RU,1624125555,78.96
Petatlán,17.5167,-101.2667,297.72,93,100,2.94,MX,1624125555,76.5
Butembo,0.15,29.2833,287.79,95,95,1.51,CD,1624125555,58.62
Havre-St-Pierre,50.2334,-63.5986,287.35,88,90,5.14,CA,1624125556,57.83
Shimoda,34.6667,138.95,293.8,96,100,1.22,JP,1624125556,69.44
Aksarka,66.5606,67.7975,282.78,69,64,6.04,RU,1624125556,49.6
Nichinan,31.6,131.3667,296.22,90,99,0.72,JP,1624125556,73.8
Paamiut,61.994,-49.6678,279.07,83,100,11.62,GL,1624125557,42.93
Adrar,20.5022,-10.0711,309.68,12,0,6.48,MR,1624125557,98.02
Mendi,-6.1761,143.6513,284.88,98,75,0.62,PG,1624125557,53.38
Riyadh,24.6877,46.7219,313.18,6,0,5.14,SA,1624125419,104.32
Portland,45.5234,-122.6762,295.31,64,75,0.45,US,1624125460,72.16
Djibouti,11.5,42.5,306.61,31,90,4.35,DJ,1624125558,92.5
Barra de Tecoanapa,16.5167,-98.75,302.24,71,100,3.37,MX,1624125558,84.63
Porosozero,62.7191,32.727,293.05,62,91,0.44,RU,1624125559,68.09
Kapit,2.0167,112.9333,295.8,99,100,0.7,MY,1624125559,73.04
Parintins,-2.6283,-56.7358,302.65,66,80,1.47,BR,1624125559,85.37
Poronaysk,49.2167,143.1167,280.43,70,63,1.81,RU,1624125560,45.37
Ilām,26.9167,87.9167,293.23,96,100,0.98,NP,1624125560,68.41
Airai,-8.9266,125.4092,287.12,94,60,1.54,TL,1624125560,57.42
Karcag,47.3167,20.9333,301.15,62,45,3.8,HU,1624125561,82.67
Santa Marinella,42.0345,11.8536,301.66,57,37,1.63,IT,1624125561,83.59
Taoudenni,22.6783,-3.9836,316.4,9,25,5.67,ML,1624125562,110.12
Atambua,-9.1061,124.8925,294.55,88,29,2.17,ID,1624125562,70.79
Mackay,-21.15,149.2,288.73,82,91,0.0,AU,1624125562,60.31
George Town,5.4112,100.3354,299.11,93,40,0.89,MY,1624125563,79.0
Tabasco,18.0,-92.6667,304.28,65,100,1.56,MX,1624125264,88.3
Shellbrook,53.2168,-106.4011,290.72,65,100,5.24,CA,1624125563,63.9
Acajutla,13.5928,-89.8275,306.93,75,64,2.88,SV,1624125563,93.07
Novoanninskiy,50.5287,42.6747,290.74,74,0,3.9,RU,1624125564,63.93
Øksfjord,70.2396,22.3479,286.19,76,99,2.74,NO,1624125564,55.74
Korhogo,9.45,-5.6333,304.76,45,90,2.94,CI,1624125564,89.17
Cockburn Town,21.4612,-71.1419,300.44,82,100,8.23,TC,1624125565,81.39
Hamilton,39.1834,-84.5333,298.36,76,75,7.2,US,1624124847,77.65
Maracás,-13.4411,-40.4308,297.18,45,40,5.11,BR,1624125565,75.52
Moyale,3.5167,39.0584,294.31,62,99,6.86,KE,1624125566,70.36
Black Forest,39.0131,-104.7008,300.95,35,1,0.45,US,1624125566,82.31
Antofagasta,-23.65,-70.4,294.94,50,5,3.48,CL,1624125567,71.49
Livádi,40.125,22.1517,292.78,66,69,1.0,GR,1624125567,67.6
Provideniya,64.3833,-173.3,285.3,59,58,0.84,RU,1624125568,54.14
Omboué,-1.5746,9.2618,297.9,80,26,5.57,GA,1624125568,76.82
Barabinsk,55.3571,78.357,278.29,95,75,2.74,RU,1624125568,41.52
‘Ewa Beach,21.3156,-158.0072,299.87,69,2,1.34,US,1624125568,80.37
Moose Factory,51.2585,-80.6094,288.15,51,90,3.6,CA,1624125569,59.27
Richards Bay,-28.783,32.0377,290.61,73,11,3.62,ZA,1624125569,63.7
Natá,8.3333,-80.5167,301.24,79,84,4.34,PA,1624125570,82.83
Rovaniemi,66.5,25.7167,287.82,58,0,4.63,FI,1624125570,58.68
Cabo San Lucas,22.8909,-109.9124,311.21,66,0,5.42,MX,1624125389,100.78
Clarence Town,-32.5833,151.7833,286.52,94,98,2.81,AU,1624125570,56.34
Goderich,43.7501,-81.7165,291.99,68,87,2.06,CA,1624125571,66.18
Pedernales,18.0384,-71.744,305.43,55,38,1.08,DO,1624125571,90.37
Laiyang,36.9758,120.7136,295.91,46,70,2.24,CN,1624125572,73.24
Yumen,40.2833,97.2,293.54,31,82,4.15,CN,1624125572,68.97
Wasilla,61.5814,-149.4394,286.75,84,99,0.45,US,1624125572,56.75
Dali,25.7,100.1833,290.6,92,19,2.71,CN,1624125572,63.68
Vozrozhdeniye,44.5503,38.2136,299.95,89,5,1.23,RU,1624125573,80.51
Byron Bay,-28.65,153.6167,286.09,73,28,5.96,AU,1624125305,55.56
Limbang,4.75,115.0,298.74,99,100,1.13,MY,1624125573,78.33
Okhotsk,59.3833,143.3,286.58,61,5,1.66,RU,1624125574,56.44
La Ronge,55.1001,-105.2842,288.29,67,75,3.09,CA,1624125574,59.52
Atikokan,48.7555,-91.6216,294.44,43,76,0.86,CA,1624125575,70.59
Esim,4.8699,-2.2405,299.17,82,88,4.34,GH,1624125575,79.11
Sucúa,-2.4667,-78.1667,294.56,94,90,0.51,EC,1624125575,70.81
Hirara,24.8,125.2833,302.26,81,100,0.51,JP,1624125576,84.67
Wanning,18.8003,110.3967,301.21,85,86,5.37,CN,1624125576,82.78
Phayao,19.25,100.25,295.86,88,7,1.05,TH,1624125576,73.15
Sozimskiy,59.7418,52.2482,291.15,89,60,5.01,RU,1624125577,64.67
Burns Lake,54.2331,-125.7533,286.83,40,78,1.25,CA,1624125577,56.89
Sechura,-5.5569,-80.8222,299.24,57,38,4.53,PE,1624125577,79.23
Natal,-5.795,-35.2094,300.27,74,75,6.17,BR,1624125578,81.09
Lompoc,34.6391,-120.4579,304.38,90,1,2.57,US,1624125199,88.48
Flinders,-34.5833,150.8552,286.04,77,100,4.47,AU,1624125578,55.47
Beloha,-25.1667,45.05,291.42,80,38,5.33,MG,1624125579,65.16
Zhigansk,66.7697,123.3711,289.54,63,86,1.63,RU,1624125579,61.77
Tura,25.5198,90.2201,295.12,96,100,2.82,IN,1624125579,71.82
Abnūb,27.2696,31.1511,305.27,17,0,4.7,EG,1624125580,90.09
Metlaltoyuca,20.7333,-97.85,303.42,53,72,2.41,MX,1624125580,86.76
Voh,-20.9667,164.7,293.74,92,68,0.82,NC,1624125581,69.33
Grand Gaube,-20.0064,57.6608,295.37,72,1,1.34,MU,1624125581,72.27
Sangar,63.9242,127.4739,288.24,55,84,0.8,RU,1624125581,59.43
Esperance,-33.8667,121.9,283.06,59,98,7.46,AU,1624125582,50.11
Tezu,27.9167,96.1667,297.02,98,63,1.47,IN,1624125582,75.24
Vestmannaeyjar,63.4427,-20.2734,282.7,76,20,4.12,IS,1624125582,49.46
Merauke,-8.4667,140.3333,297.03,86,52,5.27,ID,1624125583,75.25
Dhola,21.8833,71.7833,301.25,73,70,4.39,IN,1624125583,82.85
Dalbandin,28.8947,64.4101,304.61,6,0,4.25,PK,1624125583,88.9
Ruteng,-8.6136,120.4721,289.27,96,50,0.66,ID,1624125583,61.29
Deer Lake,49.1667,-57.4316,300.07,32,40,5.66,CA,1624125584,80.73
Zhangye,38.9342,100.4517,290.43,52,100,1.54,CN,1624125584,63.37
Itaituba,-4.2761,-55.9836,303.24,70,40,0.93,BR,1624125584,86.43
Mount Gambier,-37.8333,140.7667,278.1,93,100,0.51,AU,1624125585,41.18
Almaznyy,48.0448,40.045,296.23,58,1,7.32,RU,1624125585,73.81
Nishihara,26.1842,127.7558,299.96,94,75,5.66,JP,1624125585,80.53
Znamenskoye,57.1281,73.8282,280.39,71,47,1.81,RU,1624125586,45.3
Dingle,10.9995,122.6711,298.03,88,100,1.09,PH,1624125586,77.05
Chapais,49.7834,-74.8492,291.03,82,100,4.28,CA,1624125586,64.45
Merritt,50.1123,-120.7942,291.73,36,93,1.93,CA,1624125587,65.71
Morristown,36.214,-83.2949,302.86,62,100,1.34,US,1624125327,85.75
Alofi,-19.0595,-169.9187,292.09,100,59,1.03,NU,1624125587,66.36
Svelgen,61.7685,5.2955,288.7,83,88,4.53,NO,1624125588,60.26
Whitehorse,60.7161,-135.0538,290.43,58,1,4.12,CA,1624125358,63.37
Vostok,46.4856,135.8833,280.22,85,100,1.71,RU,1624125588,45.0
Kahului,20.8947,-156.47,299.73,75,3,3.13,US,1624125339,80.11
Presidencia Roque Sáenz Peña,-26.7852,-60.4388,290.61,46,24,2.65,AR,1624125589,63.7
Mogwase,-25.185,27.2665,289.32,50,86,1.91,ZA,1624125589,61.38
Sabang,5.8933,95.3214,301.6,75,100,4.81,ID,1624125589,83.48
Black River,18.0264,-77.8487,305.15,53,56,9.24,JM,1624125590,89.87
Avera,33.194,-82.5271,299.43,85,100,2.81,US,1624125590,79.57
Xining,36.6167,101.7667,287.62,50,100,1.0,CN,1624125590,58.32
Port Augusta,-32.5,137.7667,284.1,80,9,2.54,AU,1624125591,51.98
Gewanē,10.1664,40.6453,308.25,16,99,2.3,ET,1624125591,95.45
Palauig,15.435,119.9045,300.78,81,98,1.05,PH,1624125591,82.0
Kilrush,52.6397,-9.4833,289.01,69,100,5.75,IE,1624125591,60.82
Talcahuano,-36.7167,-73.1167,286.97,67,40,2.57,CL,1624125592,57.15
Sterling,39.0062,-77.4286,302.58,73,40,0.45,US,1624125592,85.24
Biak,-0.9131,122.8766,297.25,84,80,2.56,ID,1624125592,75.65
Tautira,-17.7333,-149.15,299.16,80,27,7.36,PF,1624125593,79.09
Manyana,-23.4,21.7167,287.28,44,10,3.56,BW,1624125593,57.7
Verāval,20.9,70.3667,302.2,76,32,7.38,IN,1624125594,84.56
Kaliua,-5.0606,31.7936,293.94,49,79,1.85,TZ,1624125594,69.69
Salekhard,66.53,66.6019,284.68,59,77,6.19,RU,1624125594,53.02
Camacha,33.0833,-16.3333,292.83,56,20,5.66,PT,1624125595,67.69
Praia da Vitória,38.7333,-27.0667,296.9,78,75,8.89,PT,1624125595,75.02
Kloulklubed,7.0419,134.2556,301.41,72,51,2.48,PW,1624125595,83.14
Marquette,46.5333,-87.6335,292.47,65,64,3.34,US,1624125596,67.05
Ixtapa,20.7,-105.2,301.61,74,94,0.89,MX,1624125596,83.5
Kiunga,-6.1219,141.2906,295.49,96,94,0.91,PG,1624125596,72.48
Malangali,-8.5667,34.85,288.15,69,13,6.52,TZ,1624125597,59.27
Sulphur Springs,33.1385,-95.6011,305.82,45,40,2.57,US,1624125597,91.08
Kankan,10.3854,-9.3057,305.21,48,74,1.35,GN,1624125597,89.98
Bhāgalpur,25.25,87.0,298.75,90,100,1.17,IN,1624125598,78.35
Ambilobe,-13.2,49.05,295.6,72,45,2.77,MG,1624125598,72.68
Yulara,-25.2406,130.9889,278.06,75,57,3.09,AU,1624125598,41.11
Kendari,-3.945,122.4989,296.35,93,98,1.71,ID,1624125599,74.03
Gravdal,68.1214,13.5031,282.03,71,100,1.22,NO,1624125599,48.25
Płock,52.5468,19.7064,302.13,70,12,4.62,PL,1624125599,84.43
Tomatlán,19.9333,-105.25,300.53,78,100,2.22,MX,1624125599,81.55
Jiblah,13.9216,44.1467,294.08,56,90,1.66,YE,1624125600,69.94
Effium,6.6292,8.0593,298.73,88,91,3.66,NG,1624125600,78.31
Bulolo,-7.2,146.65,292.73,97,95,0.66,PG,1624125601,67.51
Urecheni,47.1667,26.5167,293.68,90,95,1.67,RO,1624125601,69.22
Tual,-5.6667,132.75,300.34,79,67,9.97,ID,1624125602,81.21
Mogadishu,2.0371,45.3438,298.55,82,62,8.07,SO,1624125611,77.99
Shubarkuduk,49.1447,56.4872,293.66,41,6,3.19,KZ,1624125613,69.19
Tandag,9.0783,126.1986,298.28,88,100,1.63,PH,1624125614,77.5
Belaya Gora,68.5333,146.4167,291.26,57,100,1.56,RU,1624125615,64.87
Falmouth,50.1544,-5.0711,288.58,89,99,4.99,GB,1624125615,60.04
Ayagoz,47.9714,80.4392,283.29,89,78,7.16,KZ,1624125616,50.52
Nador,35.174,-2.9287,295.29,53,20,7.72,MA,1624125616,72.12
Santa Lucía,27.9117,-15.5407,290.8,56,20,10.8,ES,1624125617,64.04
Vero Beach,27.6386,-80.3973,306.49,84,75,1.34,US,1624125498,92.28
Nakamura,32.9833,132.9333,292.31,89,97,1.4,JP,1624125618,66.76
Wenling,28.3669,121.36,296.99,96,100,3.21,CN,1624125619,75.18
Yovon,38.3141,69.0378,302.82,37,26,4.02,TJ,1624125619,85.68
Yalutorovsk,56.6536,66.3006,286.03,87,100,3.41,RU,1624125620,55.45
Nyagan,62.1406,65.3936,284.66,93,100,3.39,RU,1624125621,52.99
Ridgecrest,35.6225,-117.6709,314.27,10,1,0.89,US,1624125335,106.29
College,64.8569,-147.8028,289.59,86,40,0.0,US,1624125622,61.86
Peruíbe,-24.32,-46.9983,291.85,90,97,0.31,BR,1624125623,65.93
Mtwara,-10.2667,40.1833,296.52,72,26,5.74,TZ,1624125623,74.34
Maku,39.2911,44.4521,295.48,34,1,1.59,IR,1624125624,72.46
Siocon,7.7061,122.1353,298.84,83,100,1.03,PH,1624125625,78.51
Deputatsky,69.3,139.9,291.34,43,98,1.92,RU,1624125625,65.01
Lázaro Cárdenas,17.9583,-102.2,298.66,88,100,7.52,MX,1624125626,78.19
Malakal,9.5334,31.6605,296.98,79,82,2.28,SS,1624125627,75.16
Sola,-13.8833,167.55,300.17,77,53,5.07,VU,1624125627,80.91
Sucre,-19.0333,-65.2627,289.42,37,66,4.2,BO,1624125628,61.56
Solnechnyy,50.7214,136.6319,287.14,80,100,1.34,RU,1624125629,57.45
Nemuro,43.3236,145.575,282.56,95,100,3.74,JP,1624125629,49.21
Trincomalee,8.5711,81.2335,300.79,74,100,7.18,LK,1624125630,82.02
Santa Marta,11.2408,-74.199,302.81,75,12,4.6,CO,1624125388,85.66
Lumut,4.2323,100.6298,299.15,84,100,2.16,MY,1624125631,79.07
Kovūr,14.4833,79.9833,306.37,42,100,6.19,IN,1624125631,92.07
Bandi̇̄pur,27.9333,84.4167,292.45,96,100,0.48,NP,1624125631,67.01
Tsimmerbude,54.675,20.1347,300.18,75,3,2.37,RU,1624125632,80.92
Derzhavīnsk,51.1,66.3167,288.64,49,95,4.26,KZ,1624125633,60.15
Thaton,16.9206,97.3714,299.08,85,38,1.45,MM,1624125633,78.94
Trofors,65.5333,13.4063,284.79,77,100,1.1,NO,1624125634,53.22
Khanbari,27.3747,87.2039,294.58,96,100,0.87,NP,1624125634,70.84
Tete,-16.1564,33.5867,295.1,53,18,4.46,MZ,1624125634,71.78
Makueni Boma,-1.8041,37.6203,291.51,71,99,2.6,KE,1624125635,65.32
Neiafu,-18.65,-173.9833,298.72,75,97,6.89,TO,1624125635,78.3
Namatanai,-3.6667,152.4333,298.32,84,28,2.5,PG,1624125636,77.58
São Domingos do Maranhão,-5.5758,-44.3853,306.85,32,28,2.88,BR,1624125636,92.93
Fort Nelson,58.8053,-122.7002,294.48,37,56,1.68,CA,1624125603,70.66
Kutum,14.2,24.6667,303.32,18,27,4.05,SD,1624125637,86.58
Nabire,-3.3667,135.4833,296.87,93,99,1.5,ID,1624125637,74.97
Breţcu,46.05,26.3,290.02,99,96,1.88,RO,1624125638,62.64
Caála,-12.8525,15.5606,288.45,34,25,1.33,AO,1624125638,59.81
